================================================================================
                              СПОРТИВНЫЙ КАЛЕНДАРЬ                              
                        Период: 01.08.2026 - 01.06.2027                         
================================================================================


--------------------------------------------------------------------------------
Суббота, 1 августа 2026
--------------------------------------------------------------------------------
  12:00 | Изумрудные Стражи (Изумрудград) vs Лунные Кони (Луногорье)       
  15:00 | Лунные Кони (Луногорье)        vs Изумрудные Стражи (Изумрудград)
  18:00 | Изумрудные Стражи (Изумрудград) vs Хрустальные Флаги (Изумрудград)

--------------------------------------------------------------------------------
Воскресенье, 2 августа 2026
--------------------------------------------------------------------------------
  12:00 | Хрустальные Флаги (Изумрудград) vs Изумрудные Стражи (Изумрудград)
  15:00 | Изумрудные Стражи (Изумрудград) vs Ветерок (Игрун — Берёзовая Роща)
  18:00 | Ветерок (Игрун — Берёзовая Роща) vs Изумрудные Стражи (Изумрудград)

--------------------------------------------------------------------------------
Пятница, 7 августа 2026
--------------------------------------------------------------------------------
  12:00 | Изумрудные Стражи (Изумрудград) vs Берёзовые Струны (Берёзовая Роща)
  15:00 | Берёзовые Струны (Берёзовая Роща) vs Изумрудные Стражи (Изумрудград)
  18:00 | Изумрудные Стражи (Изумрудград) vs Туманные Шалопаи (Туманный Перевал)

--------------------------------------------------------------------------------
Суббота, 8 августа 2026
--------------------------------------------------------------------------------
  12:00 | Туманные Шалопаи (Туманный Перевал) vs Изумрудные Стражи (Изумрудград)
  15:00 | Изумрудные Стражи (Изумрудград) vs Золотые Колокольчики (Туманный Перевал)
  18:00 | Золотые Колокольчики (Туманный Перевал) vs Изумрудные Стражи (Изумрудград)

--------------------------------------------------------------------------------
Воскресенье, 9 августа 2026
--------------------------------------------------------------------------------
  12:00 | Изумрудные Стражи (Изумрудград) vs Речной Сонет (Качаловка)      
  15:00 | Речной Сонет (Качаловка)       vs Изумрудные Стражи (Изумрудград)
  18:00 | Изумрудные Стражи (Изумрудград) vs Сказочные Нити (Златолесье)   

--------------------------------------------------------------------------------
Пятница, 14 августа 2026
--------------------------------------------------------------------------------
  12:00 | Сказочные Нити (Златолесье)    vs Изумрудные Стражи (Изумрудград)
  15:00 | Изумрудные Стражи (Изумрудград) vs Хохотунчики (Бархатный Холм)  
  18:00 | Хохотунчики (Бархатный Холм)   vs Изумрудные Стражи (Изумрудград)

--------------------------------------------------------------------------------
Суббота, 15 августа 2026
--------------------------------------------------------------------------------
  12:00 | Изумрудные Стражи (Изумрудград) vs Соломенные Валы (Липовый Бор) 
  15:00 | Соломенные Валы (Липовый Бор)  vs Изумрудные Стражи (Изумрудград)
  18:00 | Изумрудные Стражи (Изумрудград) vs Пурпурные Мячники (Гусиное Копытце)

--------------------------------------------------------------------------------
Воскресенье, 16 августа 2026
--------------------------------------------------------------------------------
  12:00 | Пурпурные Мячники (Гусиное Копытце) vs Изумрудные Стражи (Изумрудград)
  15:00 | Изумрудные Стражи (Изумрудград) vs Радужные Мосты (Светлый Порог)
  18:00 | Радужные Мосты (Светлый Порог) vs Изумрудные Стражи (Изумрудград)

--------------------------------------------------------------------------------
Пятница, 21 августа 2026
--------------------------------------------------------------------------------
  12:00 | Изумрудные Стражи (Изумрудград) vs Одуванчиковый Отряд (Полянка Дубровна)
  15:00 | Одуванчиковый Отряд (Полянка Дубровна) vs Изумрудные Стражи (Изумрудград)
  18:00 | Изумрудные Стражи (Изумрудград) vs Рыжие Погоны (Крапивное)      

--------------------------------------------------------------------------------
Суббота, 22 августа 2026
--------------------------------------------------------------------------------
  12:00 | Рыжие Погоны (Крапивное)       vs Изумрудные Стражи (Изумрудград)
  15:00 | Изумрудные Стражи (Изумрудград) vs Небесные Дудочки (Звёздный Ключ)
  18:00 | Небесные Дудочки (Звёздный Ключ) vs Изумрудные Стражи (Изумрудград)

--------------------------------------------------------------------------------
Воскресенье, 23 августа 2026
--------------------------------------------------------------------------------
  12:00 | Изумрудные Стражи (Изумрудград) vs Снежные Ласточки (Снежноград) 
  15:00 | Снежные Ласточки (Снежноград)  vs Изумрудные Стражи (Изумрудград)
  18:00 | Изумрудные Стражи (Изумрудград) vs Вишнёвые Краги (Вишнёвая Застава)

--------------------------------------------------------------------------------
Пятница, 28 августа 2026
--------------------------------------------------------------------------------
  12:00 | Вишнёвые Краги (Вишнёвая Застава) vs Изумрудные Стражи (Изумрудград)
  15:00 | Изумрудные Стражи (Изумрудград) vs Шелковые Крылья (Тихий Сад)   
  18:00 | Шелковые Крылья (Тихий Сад)    vs Изумрудные Стражи (Изумрудград)

--------------------------------------------------------------------------------
Суббота, 29 августа 2026
--------------------------------------------------------------------------------
  12:00 | Изумрудные Стражи (Изумрудград) vs Путешественники (Кометы — Дальний Бугор)
  15:00 | Путешественники (Кометы — Дальний Бугор) vs Изумрудные Стражи (Изумрудград)
  18:00 | Лунные Кони (Луногорье)        vs Хрустальные Флаги (Изумрудград)

--------------------------------------------------------------------------------
Воскресенье, 30 августа 2026
--------------------------------------------------------------------------------
  12:00 | Хрустальные Флаги (Изумрудград) vs Лунные Кони (Луногорье)       
  15:00 | Лунные Кони (Луногорье)        vs Ветерок (Игрун — Берёзовая Роща)
  18:00 | Ветерок (Игрун — Берёзовая Роща) vs Лунные Кони (Луногорье)       

--------------------------------------------------------------------------------
Пятница, 4 сентября 2026
--------------------------------------------------------------------------------
  12:00 | Лунные Кони (Луногорье)        vs Берёзовые Струны (Берёзовая Роща)
  15:00 | Берёзовые Струны (Берёзовая Роща) vs Лунные Кони (Луногорье)       
  18:00 | Лунные Кони (Луногорье)        vs Туманные Шалопаи (Туманный Перевал)

--------------------------------------------------------------------------------
Суббота, 5 сентября 2026
--------------------------------------------------------------------------------
  12:00 | Туманные Шалопаи (Туманный Перевал) vs Лунные Кони (Луногорье)       
  15:00 | Лунные Кони (Луногорье)        vs Золотые Колокольчики (Туманный Перевал)
  18:00 | Золотые Колокольчики (Туманный Перевал) vs Лунные Кони (Луногорье)       

--------------------------------------------------------------------------------
Воскресенье, 6 сентября 2026
--------------------------------------------------------------------------------
  12:00 | Лунные Кони (Луногорье)        vs Речной Сонет (Качаловка)      
  15:00 | Речной Сонет (Качаловка)       vs Лунные Кони (Луногорье)       
  18:00 | Лунные Кони (Луногорье)        vs Сказочные Нити (Златолесье)   

--------------------------------------------------------------------------------
Пятница, 11 сентября 2026
--------------------------------------------------------------------------------
  12:00 | Сказочные Нити (Златолесье)    vs Лунные Кони (Луногорье)       
  15:00 | Лунные Кони (Луногорье)        vs Хохотунчики (Бархатный Холм)  
  18:00 | Хохотунчики (Бархатный Холм)   vs Лунные Кони (Луногорье)       

--------------------------------------------------------------------------------
Суббота, 12 сентября 2026
--------------------------------------------------------------------------------
  12:00 | Лунные Кони (Луногорье)        vs Соломенные Валы (Липовый Бор) 
  15:00 | Соломенные Валы (Липовый Бор)  vs Лунные Кони (Луногорье)       
  18:00 | Лунные Кони (Луногорье)        vs Пурпурные Мячники (Гусиное Копытце)

--------------------------------------------------------------------------------
Воскресенье, 13 сентября 2026
--------------------------------------------------------------------------------
  12:00 | Пурпурные Мячники (Гусиное Копытце) vs Лунные Кони (Луногорье)       
  15:00 | Лунные Кони (Луногорье)        vs Радужные Мосты (Светлый Порог)
  18:00 | Радужные Мосты (Светлый Порог) vs Лунные Кони (Луногорье)       

--------------------------------------------------------------------------------
Пятница, 18 сентября 2026
--------------------------------------------------------------------------------
  12:00 | Лунные Кони (Луногорье)        vs Одуванчиковый Отряд (Полянка Дубровна)
  15:00 | Одуванчиковый Отряд (Полянка Дубровна) vs Лунные Кони (Луногорье)       
  18:00 | Лунные Кони (Луногорье)        vs Рыжие Погоны (Крапивное)      

--------------------------------------------------------------------------------
Суббота, 19 сентября 2026
--------------------------------------------------------------------------------
  12:00 | Рыжие Погоны (Крапивное)       vs Лунные Кони (Луногорье)       
  15:00 | Лунные Кони (Луногорье)        vs Небесные Дудочки (Звёздный Ключ)
  18:00 | Небесные Дудочки (Звёздный Ключ) vs Лунные Кони (Луногорье)       

--------------------------------------------------------------------------------
Воскресенье, 20 сентября 2026
--------------------------------------------------------------------------------
  12:00 | Лунные Кони (Луногорье)        vs Снежные Ласточки (Снежноград) 
  15:00 | Снежные Ласточки (Снежноград)  vs Лунные Кони (Луногорье)       
  18:00 | Лунные Кони (Луногорье)        vs Вишнёвые Краги (Вишнёвая Застава)

--------------------------------------------------------------------------------
Пятница, 25 сентября 2026
--------------------------------------------------------------------------------
  12:00 | Вишнёвые Краги (Вишнёвая Застава) vs Лунные Кони (Луногорье)       
  15:00 | Лунные Кони (Луногорье)        vs Шелковые Крылья (Тихий Сад)   
  18:00 | Шелковые Крылья (Тихий Сад)    vs Лунные Кони (Луногорье)       

--------------------------------------------------------------------------------
Суббота, 26 сентября 2026
--------------------------------------------------------------------------------
  12:00 | Лунные Кони (Луногорье)        vs Путешественники (Кометы — Дальний Бугор)
  15:00 | Путешественники (Кометы — Дальний Бугор) vs Лунные Кони (Луногорье)       
  18:00 | Хрустальные Флаги (Изумрудград) vs Ветерок (Игрун — Берёзовая Роща)

--------------------------------------------------------------------------------
Воскресенье, 27 сентября 2026
--------------------------------------------------------------------------------
  12:00 | Ветерок (Игрун — Берёзовая Роща) vs Хрустальные Флаги (Изумрудград)
  15:00 | Хрустальные Флаги (Изумрудград) vs Берёзовые Струны (Берёзовая Роща)
  18:00 | Берёзовые Струны (Берёзовая Роща) vs Хрустальные Флаги (Изумрудград)

--------------------------------------------------------------------------------
Пятница, 2 октября 2026
--------------------------------------------------------------------------------
  12:00 | Хрустальные Флаги (Изумрудград) vs Туманные Шалопаи (Туманный Перевал)
  15:00 | Туманные Шалопаи (Туманный Перевал) vs Хрустальные Флаги (Изумрудград)
  18:00 | Хрустальные Флаги (Изумрудград) vs Золотые Колокольчики (Туманный Перевал)

--------------------------------------------------------------------------------
Суббота, 3 октября 2026
--------------------------------------------------------------------------------
  12:00 | Золотые Колокольчики (Туманный Перевал) vs Хрустальные Флаги (Изумрудград)
  15:00 | Хрустальные Флаги (Изумрудград) vs Речной Сонет (Качаловка)      
  18:00 | Речной Сонет (Качаловка)       vs Хрустальные Флаги (Изумрудград)

--------------------------------------------------------------------------------
Воскресенье, 4 октября 2026
--------------------------------------------------------------------------------
  12:00 | Хрустальные Флаги (Изумрудград) vs Сказочные Нити (Златолесье)   
  15:00 | Сказочные Нити (Златолесье)    vs Хрустальные Флаги (Изумрудград)
  18:00 | Хрустальные Флаги (Изумрудград) vs Хохотунчики (Бархатный Холм)  

--------------------------------------------------------------------------------
Пятница, 9 октября 2026
--------------------------------------------------------------------------------
  12:00 | Хохотунчики (Бархатный Холм)   vs Хрустальные Флаги (Изумрудград)
  15:00 | Хрустальные Флаги (Изумрудград) vs Соломенные Валы (Липовый Бор) 
  18:00 | Соломенные Валы (Липовый Бор)  vs Хрустальные Флаги (Изумрудград)

--------------------------------------------------------------------------------
Суббота, 10 октября 2026
--------------------------------------------------------------------------------
  12:00 | Хрустальные Флаги (Изумрудград) vs Пурпурные Мячники (Гусиное Копытце)
  15:00 | Пурпурные Мячники (Гусиное Копытце) vs Хрустальные Флаги (Изумрудград)
  18:00 | Хрустальные Флаги (Изумрудград) vs Радужные Мосты (Светлый Порог)

--------------------------------------------------------------------------------
Воскресенье, 11 октября 2026
--------------------------------------------------------------------------------
  12:00 | Радужные Мосты (Светлый Порог) vs Хрустальные Флаги (Изумрудград)
  15:00 | Хрустальные Флаги (Изумрудград) vs Одуванчиковый Отряд (Полянка Дубровна)
  18:00 | Одуванчиковый Отряд (Полянка Дубровна) vs Хрустальные Флаги (Изумрудград)

--------------------------------------------------------------------------------
Пятница, 16 октября 2026
--------------------------------------------------------------------------------
  12:00 | Хрустальные Флаги (Изумрудград) vs Рыжие Погоны (Крапивное)      
  15:00 | Рыжие Погоны (Крапивное)       vs Хрустальные Флаги (Изумрудград)
  18:00 | Хрустальные Флаги (Изумрудград) vs Небесные Дудочки (Звёздный Ключ)

--------------------------------------------------------------------------------
Суббота, 17 октября 2026
--------------------------------------------------------------------------------
  12:00 | Небесные Дудочки (Звёздный Ключ) vs Хрустальные Флаги (Изумрудград)
  15:00 | Хрустальные Флаги (Изумрудград) vs Снежные Ласточки (Снежноград) 
  18:00 | Снежные Ласточки (Снежноград)  vs Хрустальные Флаги (Изумрудград)

--------------------------------------------------------------------------------
Воскресенье, 18 октября 2026
--------------------------------------------------------------------------------
  12:00 | Хрустальные Флаги (Изумрудград) vs Вишнёвые Краги (Вишнёвая Застава)
  15:00 | Вишнёвые Краги (Вишнёвая Застава) vs Хрустальные Флаги (Изумрудград)
  18:00 | Хрустальные Флаги (Изумрудград) vs Шелковые Крылья (Тихий Сад)   

--------------------------------------------------------------------------------
Пятница, 23 октября 2026
--------------------------------------------------------------------------------
  12:00 | Шелковые Крылья (Тихий Сад)    vs Хрустальные Флаги (Изумрудград)
  15:00 | Хрустальные Флаги (Изумрудград) vs Путешественники (Кометы — Дальний Бугор)
  18:00 | Путешественники (Кометы — Дальний Бугор) vs Хрустальные Флаги (Изумрудград)

--------------------------------------------------------------------------------
Суббота, 24 октября 2026
--------------------------------------------------------------------------------
  12:00 | Ветерок (Игрун — Берёзовая Роща) vs Берёзовые Струны (Берёзовая Роща)
  15:00 | Берёзовые Струны (Берёзовая Роща) vs Ветерок (Игрун — Берёзовая Роща)
  18:00 | Ветерок (Игрун — Берёзовая Роща) vs Туманные Шалопаи (Туманный Перевал)

--------------------------------------------------------------------------------
Воскресенье, 25 октября 2026
--------------------------------------------------------------------------------
  12:00 | Туманные Шалопаи (Туманный Перевал) vs Ветерок (Игрун — Берёзовая Роща)
  15:00 | Ветерок (Игрун — Берёзовая Роща) vs Золотые Колокольчики (Туманный Перевал)
  18:00 | Золотые Колокольчики (Туманный Перевал) vs Ветерок (Игрун — Берёзовая Роща)

--------------------------------------------------------------------------------
Пятница, 30 октября 2026
--------------------------------------------------------------------------------
  12:00 | Ветерок (Игрун — Берёзовая Роща) vs Речной Сонет (Качаловка)      
  15:00 | Речной Сонет (Качаловка)       vs Ветерок (Игрун — Берёзовая Роща)
  18:00 | Ветерок (Игрун — Берёзовая Роща) vs Сказочные Нити (Златолесье)   

--------------------------------------------------------------------------------
Суббота, 31 октября 2026
--------------------------------------------------------------------------------
  12:00 | Сказочные Нити (Златолесье)    vs Ветерок (Игрун — Берёзовая Роща)
  15:00 | Ветерок (Игрун — Берёзовая Роща) vs Хохотунчики (Бархатный Холм)  
  18:00 | Хохотунчики (Бархатный Холм)   vs Ветерок (Игрун — Берёзовая Роща)

--------------------------------------------------------------------------------
Воскресенье, 1 ноября 2026
--------------------------------------------------------------------------------
  12:00 | Ветерок (Игрун — Берёзовая Роща) vs Соломенные Валы (Липовый Бор) 
  15:00 | Соломенные Валы (Липовый Бор)  vs Ветерок (Игрун — Берёзовая Роща)
  18:00 | Ветерок (Игрун — Берёзовая Роща) vs Пурпурные Мячники (Гусиное Копытце)

--------------------------------------------------------------------------------
Пятница, 6 ноября 2026
--------------------------------------------------------------------------------
  12:00 | Пурпурные Мячники (Гусиное Копытце) vs Ветерок (Игрун — Берёзовая Роща)
  15:00 | Ветерок (Игрун — Берёзовая Роща) vs Радужные Мосты (Светлый Порог)
  18:00 | Радужные Мосты (Светлый Порог) vs Ветерок (Игрун — Берёзовая Роща)

--------------------------------------------------------------------------------
Суббота, 7 ноября 2026
--------------------------------------------------------------------------------
  12:00 | Ветерок (Игрун — Берёзовая Роща) vs Одуванчиковый Отряд (Полянка Дубровна)
  15:00 | Одуванчиковый Отряд (Полянка Дубровна) vs Ветерок (Игрун — Берёзовая Роща)
  18:00 | Ветерок (Игрун — Берёзовая Роща) vs Рыжие Погоны (Крапивное)      

--------------------------------------------------------------------------------
Воскресенье, 8 ноября 2026
--------------------------------------------------------------------------------
  12:00 | Рыжие Погоны (Крапивное)       vs Ветерок (Игрун — Берёзовая Роща)
  15:00 | Ветерок (Игрун — Берёзовая Роща) vs Небесные Дудочки (Звёздный Ключ)
  18:00 | Небесные Дудочки (Звёздный Ключ) vs Ветерок (Игрун — Берёзовая Роща)

--------------------------------------------------------------------------------
Пятница, 13 ноября 2026
--------------------------------------------------------------------------------
  12:00 | Ветерок (Игрун — Берёзовая Роща) vs Снежные Ласточки (Снежноград) 
  15:00 | Снежные Ласточки (Снежноград)  vs Ветерок (Игрун — Берёзовая Роща)
  18:00 | Ветерок (Игрун — Берёзовая Роща) vs Вишнёвые Краги (Вишнёвая Застава)

--------------------------------------------------------------------------------
Суббота, 14 ноября 2026
--------------------------------------------------------------------------------
  12:00 | Вишнёвые Краги (Вишнёвая Застава) vs Ветерок (Игрун — Берёзовая Роща)
  15:00 | Ветерок (Игрун — Берёзовая Роща) vs Шелковые Крылья (Тихий Сад)   
  18:00 | Шелковые Крылья (Тихий Сад)    vs Ветерок (Игрун — Берёзовая Роща)

--------------------------------------------------------------------------------
Воскресенье, 15 ноября 2026
--------------------------------------------------------------------------------
  12:00 | Ветерок (Игрун — Берёзовая Роща) vs Путешественники (Кометы — Дальний Бугор)
  15:00 | Путешественники (Кометы — Дальний Бугор) vs Ветерок (Игрун — Берёзовая Роща)
  18:00 | Берёзовые Струны (Берёзовая Роща) vs Туманные Шалопаи (Туманный Перевал)

--------------------------------------------------------------------------------
Пятница, 20 ноября 2026
--------------------------------------------------------------------------------
  12:00 | Туманные Шалопаи (Туманный Перевал) vs Берёзовые Струны (Берёзовая Роща)
  15:00 | Берёзовые Струны (Берёзовая Роща) vs Золотые Колокольчики (Туманный Перевал)
  18:00 | Золотые Колокольчики (Туманный Перевал) vs Берёзовые Струны (Берёзовая Роща)

--------------------------------------------------------------------------------
Суббота, 21 ноября 2026
--------------------------------------------------------------------------------
  12:00 | Берёзовые Струны (Берёзовая Роща) vs Речной Сонет (Качаловка)      
  15:00 | Речной Сонет (Качаловка)       vs Берёзовые Струны (Берёзовая Роща)
  18:00 | Берёзовые Струны (Берёзовая Роща) vs Сказочные Нити (Златолесье)   

--------------------------------------------------------------------------------
Воскресенье, 22 ноября 2026
--------------------------------------------------------------------------------
  12:00 | Сказочные Нити (Златолесье)    vs Берёзовые Струны (Берёзовая Роща)
  15:00 | Берёзовые Струны (Берёзовая Роща) vs Хохотунчики (Бархатный Холм)  
  18:00 | Хохотунчики (Бархатный Холм)   vs Берёзовые Струны (Берёзовая Роща)

--------------------------------------------------------------------------------
Пятница, 27 ноября 2026
--------------------------------------------------------------------------------
  12:00 | Берёзовые Струны (Берёзовая Роща) vs Соломенные Валы (Липовый Бор) 
  15:00 | Соломенные Валы (Липовый Бор)  vs Берёзовые Струны (Берёзовая Роща)
  18:00 | Берёзовые Струны (Берёзовая Роща) vs Пурпурные Мячники (Гусиное Копытце)

--------------------------------------------------------------------------------
Суббота, 28 ноября 2026
--------------------------------------------------------------------------------
  12:00 | Пурпурные Мячники (Гусиное Копытце) vs Берёзовые Струны (Берёзовая Роща)
  15:00 | Берёзовые Струны (Берёзовая Роща) vs Радужные Мосты (Светлый Порог)
  18:00 | Радужные Мосты (Светлый Порог) vs Берёзовые Струны (Берёзовая Роща)

--------------------------------------------------------------------------------
Воскресенье, 29 ноября 2026
--------------------------------------------------------------------------------
  12:00 | Берёзовые Струны (Берёзовая Роща) vs Одуванчиковый Отряд (Полянка Дубровна)
  15:00 | Одуванчиковый Отряд (Полянка Дубровна) vs Берёзовые Струны (Берёзовая Роща)
  18:00 | Берёзовые Струны (Берёзовая Роща) vs Рыжие Погоны (Крапивное)      

--------------------------------------------------------------------------------
Пятница, 4 декабря 2026
--------------------------------------------------------------------------------
  12:00 | Рыжие Погоны (Крапивное)       vs Берёзовые Струны (Берёзовая Роща)
  15:00 | Берёзовые Струны (Берёзовая Роща) vs Небесные Дудочки (Звёздный Ключ)
  18:00 | Небесные Дудочки (Звёздный Ключ) vs Берёзовые Струны (Берёзовая Роща)

--------------------------------------------------------------------------------
Суббота, 5 декабря 2026
--------------------------------------------------------------------------------
  12:00 | Берёзовые Струны (Берёзовая Роща) vs Снежные Ласточки (Снежноград) 
  15:00 | Снежные Ласточки (Снежноград)  vs Берёзовые Струны (Берёзовая Роща)
  18:00 | Берёзовые Струны (Берёзовая Роща) vs Вишнёвые Краги (Вишнёвая Застава)

--------------------------------------------------------------------------------
Воскресенье, 6 декабря 2026
--------------------------------------------------------------------------------
  12:00 | Вишнёвые Краги (Вишнёвая Застава) vs Берёзовые Струны (Берёзовая Роща)
  15:00 | Берёзовые Струны (Берёзовая Роща) vs Шелковые Крылья (Тихий Сад)   
  18:00 | Шелковые Крылья (Тихий Сад)    vs Берёзовые Струны (Берёзовая Роща)

--------------------------------------------------------------------------------
Пятница, 11 декабря 2026
--------------------------------------------------------------------------------
  12:00 | Берёзовые Струны (Берёзовая Роща) vs Путешественники (Кометы — Дальний Бугор)
  15:00 | Путешественники (Кометы — Дальний Бугор) vs Берёзовые Струны (Берёзовая Роща)
  18:00 | Туманные Шалопаи (Туманный Перевал) vs Золотые Колокольчики (Туманный Перевал)

--------------------------------------------------------------------------------
Суббота, 12 декабря 2026
--------------------------------------------------------------------------------
  12:00 | Золотые Колокольчики (Туманный Перевал) vs Туманные Шалопаи (Туманный Перевал)
  15:00 | Туманные Шалопаи (Туманный Перевал) vs Речной Сонет (Качаловка)      
  18:00 | Речной Сонет (Качаловка)       vs Туманные Шалопаи (Туманный Перевал)

--------------------------------------------------------------------------------
Воскресенье, 13 декабря 2026
--------------------------------------------------------------------------------
  12:00 | Туманные Шалопаи (Туманный Перевал) vs Сказочные Нити (Златолесье)   
  15:00 | Сказочные Нити (Златолесье)    vs Туманные Шалопаи (Туманный Перевал)
  18:00 | Туманные Шалопаи (Туманный Перевал) vs Хохотунчики (Бархатный Холм)  

--------------------------------------------------------------------------------
Пятница, 18 декабря 2026
--------------------------------------------------------------------------------
  12:00 | Хохотунчики (Бархатный Холм)   vs Туманные Шалопаи (Туманный Перевал)
  15:00 | Туманные Шалопаи (Туманный Перевал) vs Соломенные Валы (Липовый Бор) 
  18:00 | Соломенные Валы (Липовый Бор)  vs Туманные Шалопаи (Туманный Перевал)

--------------------------------------------------------------------------------
Суббота, 19 декабря 2026
--------------------------------------------------------------------------------
  12:00 | Туманные Шалопаи (Туманный Перевал) vs Пурпурные Мячники (Гусиное Копытце)
  15:00 | Пурпурные Мячники (Гусиное Копытце) vs Туманные Шалопаи (Туманный Перевал)
  18:00 | Туманные Шалопаи (Туманный Перевал) vs Радужные Мосты (Светлый Порог)

--------------------------------------------------------------------------------
Воскресенье, 20 декабря 2026
--------------------------------------------------------------------------------
  12:00 | Радужные Мосты (Светлый Порог) vs Туманные Шалопаи (Туманный Перевал)
  15:00 | Туманные Шалопаи (Туманный Перевал) vs Одуванчиковый Отряд (Полянка Дубровна)
  18:00 | Одуванчиковый Отряд (Полянка Дубровна) vs Туманные Шалопаи (Туманный Перевал)

--------------------------------------------------------------------------------
Пятница, 25 декабря 2026
--------------------------------------------------------------------------------
  12:00 | Туманные Шалопаи (Туманный Перевал) vs Рыжие Погоны (Крапивное)      
  15:00 | Рыжие Погоны (Крапивное)       vs Туманные Шалопаи (Туманный Перевал)
  18:00 | Туманные Шалопаи (Туманный Перевал) vs Небесные Дудочки (Звёздный Ключ)

--------------------------------------------------------------------------------
Суббота, 26 декабря 2026
--------------------------------------------------------------------------------
  12:00 | Небесные Дудочки (Звёздный Ключ) vs Туманные Шалопаи (Туманный Перевал)
  15:00 | Туманные Шалопаи (Туманный Перевал) vs Снежные Ласточки (Снежноград) 
  18:00 | Снежные Ласточки (Снежноград)  vs Туманные Шалопаи (Туманный Перевал)

--------------------------------------------------------------------------------
Воскресенье, 27 декабря 2026
--------------------------------------------------------------------------------
  12:00 | Туманные Шалопаи (Туманный Перевал) vs Вишнёвые Краги (Вишнёвая Застава)
  15:00 | Вишнёвые Краги (Вишнёвая Застава) vs Туманные Шалопаи (Туманный Перевал)
  18:00 | Туманные Шалопаи (Туманный Перевал) vs Шелковые Крылья (Тихий Сад)   

--------------------------------------------------------------------------------
Пятница, 1 января 2027
--------------------------------------------------------------------------------
  12:00 | Шелковые Крылья (Тихий Сад)    vs Туманные Шалопаи (Туманный Перевал)
  15:00 | Туманные Шалопаи (Туманный Перевал) vs Путешественники (Кометы — Дальний Бугор)
  18:00 | Путешественники (Кометы — Дальний Бугор) vs Туманные Шалопаи (Туманный Перевал)

--------------------------------------------------------------------------------
Суббота, 2 января 2027
--------------------------------------------------------------------------------
  12:00 | Золотые Колокольчики (Туманный Перевал) vs Речной Сонет (Качаловка)      
  15:00 | Речной Сонет (Качаловка)       vs Золотые Колокольчики (Туманный Перевал)
  18:00 | Золотые Колокольчики (Туманный Перевал) vs Сказочные Нити (Златолесье)   

--------------------------------------------------------------------------------
Воскресенье, 3 января 2027
--------------------------------------------------------------------------------
  12:00 | Сказочные Нити (Златолесье)    vs Золотые Колокольчики (Туманный Перевал)
  15:00 | Золотые Колокольчики (Туманный Перевал) vs Хохотунчики (Бархатный Холм)  
  18:00 | Хохотунчики (Бархатный Холм)   vs Золотые Колокольчики (Туманный Перевал)

--------------------------------------------------------------------------------
Пятница, 8 января 2027
--------------------------------------------------------------------------------
  12:00 | Золотые Колокольчики (Туманный Перевал) vs Соломенные Валы (Липовый Бор) 
  15:00 | Соломенные Валы (Липовый Бор)  vs Золотые Колокольчики (Туманный Перевал)
  18:00 | Золотые Колокольчики (Туманный Перевал) vs Пурпурные Мячники (Гусиное Копытце)

--------------------------------------------------------------------------------
Суббота, 9 января 2027
--------------------------------------------------------------------------------
  12:00 | Пурпурные Мячники (Гусиное Копытце) vs Золотые Колокольчики (Туманный Перевал)
  15:00 | Золотые Колокольчики (Туманный Перевал) vs Радужные Мосты (Светлый Порог)
  18:00 | Радужные Мосты (Светлый Порог) vs Золотые Колокольчики (Туманный Перевал)

--------------------------------------------------------------------------------
Воскресенье, 10 января 2027
--------------------------------------------------------------------------------
  12:00 | Золотые Колокольчики (Туманный Перевал) vs Одуванчиковый Отряд (Полянка Дубровна)
  15:00 | Одуванчиковый Отряд (Полянка Дубровна) vs Золотые Колокольчики (Туманный Перевал)
  18:00 | Золотые Колокольчики (Туманный Перевал) vs Рыжие Погоны (Крапивное)      

--------------------------------------------------------------------------------
Пятница, 15 января 2027
--------------------------------------------------------------------------------
  12:00 | Рыжие Погоны (Крапивное)       vs Золотые Колокольчики (Туманный Перевал)
  15:00 | Золотые Колокольчики (Туманный Перевал) vs Небесные Дудочки (Звёздный Ключ)
  18:00 | Небесные Дудочки (Звёздный Ключ) vs Золотые Колокольчики (Туманный Перевал)

--------------------------------------------------------------------------------
Суббота, 16 января 2027
--------------------------------------------------------------------------------
  12:00 | Золотые Колокольчики (Туманный Перевал) vs Снежные Ласточки (Снежноград) 
  15:00 | Снежные Ласточки (Снежноград)  vs Золотые Колокольчики (Туманный Перевал)
  18:00 | Золотые Колокольчики (Туманный Перевал) vs Вишнёвые Краги (Вишнёвая Застава)

--------------------------------------------------------------------------------
Воскресенье, 17 января 2027
--------------------------------------------------------------------------------
  12:00 | Вишнёвые Краги (Вишнёвая Застава) vs Золотые Колокольчики (Туманный Перевал)
  15:00 | Золотые Колокольчики (Туманный Перевал) vs Шелковые Крылья (Тихий Сад)   
  18:00 | Шелковые Крылья (Тихий Сад)    vs Золотые Колокольчики (Туманный Перевал)

--------------------------------------------------------------------------------
Пятница, 22 января 2027
--------------------------------------------------------------------------------
  12:00 | Золотые Колокольчики (Туманный Перевал) vs Путешественники (Кометы — Дальний Бугор)
  15:00 | Путешественники (Кометы — Дальний Бугор) vs Золотые Колокольчики (Туманный Перевал)
  18:00 | Речной Сонет (Качаловка)       vs Сказочные Нити (Златолесье)   

--------------------------------------------------------------------------------
Суббота, 23 января 2027
--------------------------------------------------------------------------------
  12:00 | Сказочные Нити (Златолесье)    vs Речной Сонет (Качаловка)      
  15:00 | Речной Сонет (Качаловка)       vs Хохотунчики (Бархатный Холм)  
  18:00 | Хохотунчики (Бархатный Холм)   vs Речной Сонет (Качаловка)      

--------------------------------------------------------------------------------
Воскресенье, 24 января 2027
--------------------------------------------------------------------------------
  12:00 | Речной Сонет (Качаловка)       vs Соломенные Валы (Липовый Бор) 
  15:00 | Соломенные Валы (Липовый Бор)  vs Речной Сонет (Качаловка)      
  18:00 | Речной Сонет (Качаловка)       vs Пурпурные Мячники (Гусиное Копытце)

--------------------------------------------------------------------------------
Пятница, 29 января 2027
--------------------------------------------------------------------------------
  12:00 | Пурпурные Мячники (Гусиное Копытце) vs Речной Сонет (Качаловка)      
  15:00 | Речной Сонет (Качаловка)       vs Радужные Мосты (Светлый Порог)
  18:00 | Радужные Мосты (Светлый Порог) vs Речной Сонет (Качаловка)      

--------------------------------------------------------------------------------
Суббота, 30 января 2027
--------------------------------------------------------------------------------
  12:00 | Речной Сонет (Качаловка)       vs Одуванчиковый Отряд (Полянка Дубровна)
  15:00 | Одуванчиковый Отряд (Полянка Дубровна) vs Речной Сонет (Качаловка)      
  18:00 | Речной Сонет (Качаловка)       vs Рыжие Погоны (Крапивное)      

--------------------------------------------------------------------------------
Воскресенье, 31 января 2027
--------------------------------------------------------------------------------
  12:00 | Рыжие Погоны (Крапивное)       vs Речной Сонет (Качаловка)      
  15:00 | Речной Сонет (Качаловка)       vs Небесные Дудочки (Звёздный Ключ)
  18:00 | Небесные Дудочки (Звёздный Ключ) vs Речной Сонет (Качаловка)      

--------------------------------------------------------------------------------
Пятница, 5 февраля 2027
--------------------------------------------------------------------------------
  12:00 | Речной Сонет (Качаловка)       vs Снежные Ласточки (Снежноград) 
  15:00 | Снежные Ласточки (Снежноград)  vs Речной Сонет (Качаловка)      
  18:00 | Речной Сонет (Качаловка)       vs Вишнёвые Краги (Вишнёвая Застава)

--------------------------------------------------------------------------------
Суббота, 6 февраля 2027
--------------------------------------------------------------------------------
  12:00 | Вишнёвые Краги (Вишнёвая Застава) vs Речной Сонет (Качаловка)      
  15:00 | Речной Сонет (Качаловка)       vs Шелковые Крылья (Тихий Сад)   
  18:00 | Шелковые Крылья (Тихий Сад)    vs Речной Сонет (Качаловка)      

--------------------------------------------------------------------------------
Воскресенье, 7 февраля 2027
--------------------------------------------------------------------------------
  12:00 | Речной Сонет (Качаловка)       vs Путешественники (Кометы — Дальний Бугор)
  15:00 | Путешественники (Кометы — Дальний Бугор) vs Речной Сонет (Качаловка)      
  18:00 | Сказочные Нити (Златолесье)    vs Хохотунчики (Бархатный Холм)  

--------------------------------------------------------------------------------
Пятница, 12 февраля 2027
--------------------------------------------------------------------------------
  12:00 | Хохотунчики (Бархатный Холм)   vs Сказочные Нити (Златолесье)   
  15:00 | Сказочные Нити (Златолесье)    vs Соломенные Валы (Липовый Бор) 
  18:00 | Соломенные Валы (Липовый Бор)  vs Сказочные Нити (Златолесье)   

--------------------------------------------------------------------------------
Суббота, 13 февраля 2027
--------------------------------------------------------------------------------
  12:00 | Сказочные Нити (Златолесье)    vs Пурпурные Мячники (Гусиное Копытце)
  15:00 | Пурпурные Мячники (Гусиное Копытце) vs Сказочные Нити (Златолесье)   
  18:00 | Сказочные Нити (Златолесье)    vs Радужные Мосты (Светлый Порог)

--------------------------------------------------------------------------------
Воскресенье, 14 февраля 2027
--------------------------------------------------------------------------------
  12:00 | Радужные Мосты (Светлый Порог) vs Сказочные Нити (Златолесье)   
  15:00 | Сказочные Нити (Златолесье)    vs Одуванчиковый Отряд (Полянка Дубровна)
  18:00 | Одуванчиковый Отряд (Полянка Дубровна) vs Сказочные Нити (Златолесье)   

--------------------------------------------------------------------------------
Пятница, 19 февраля 2027
--------------------------------------------------------------------------------
  12:00 | Сказочные Нити (Златолесье)    vs Рыжие Погоны (Крапивное)      
  15:00 | Рыжие Погоны (Крапивное)       vs Сказочные Нити (Златолесье)   
  18:00 | Сказочные Нити (Златолесье)    vs Небесные Дудочки (Звёздный Ключ)

--------------------------------------------------------------------------------
Суббота, 20 февраля 2027
--------------------------------------------------------------------------------
  12:00 | Небесные Дудочки (Звёздный Ключ) vs Сказочные Нити (Златолесье)   
  15:00 | Сказочные Нити (Златолесье)    vs Снежные Ласточки (Снежноград) 
  18:00 | Снежные Ласточки (Снежноград)  vs Сказочные Нити (Златолесье)   

--------------------------------------------------------------------------------
Воскресенье, 21 февраля 2027
--------------------------------------------------------------------------------
  12:00 | Сказочные Нити (Златолесье)    vs Вишнёвые Краги (Вишнёвая Застава)
  15:00 | Вишнёвые Краги (Вишнёвая Застава) vs Сказочные Нити (Златолесье)   
  18:00 | Сказочные Нити (Златолесье)    vs Шелковые Крылья (Тихий Сад)   

--------------------------------------------------------------------------------
Пятница, 26 февраля 2027
--------------------------------------------------------------------------------
  12:00 | Шелковые Крылья (Тихий Сад)    vs Сказочные Нити (Златолесье)   
  15:00 | Сказочные Нити (Златолесье)    vs Путешественники (Кометы — Дальний Бугор)
  18:00 | Путешественники (Кометы — Дальний Бугор) vs Сказочные Нити (Златолесье)   

--------------------------------------------------------------------------------
Суббота, 27 февраля 2027
--------------------------------------------------------------------------------
  12:00 | Хохотунчики (Бархатный Холм)   vs Соломенные Валы (Липовый Бор) 
  15:00 | Соломенные Валы (Липовый Бор)  vs Хохотунчики (Бархатный Холм)  
  18:00 | Хохотунчики (Бархатный Холм)   vs Пурпурные Мячники (Гусиное Копытце)

--------------------------------------------------------------------------------
Воскресенье, 28 февраля 2027
--------------------------------------------------------------------------------
  12:00 | Пурпурные Мячники (Гусиное Копытце) vs Хохотунчики (Бархатный Холм)  
  15:00 | Хохотунчики (Бархатный Холм)   vs Радужные Мосты (Светлый Порог)
  18:00 | Радужные Мосты (Светлый Порог) vs Хохотунчики (Бархатный Холм)  

--------------------------------------------------------------------------------
Пятница, 5 марта 2027
--------------------------------------------------------------------------------
  12:00 | Хохотунчики (Бархатный Холм)   vs Одуванчиковый Отряд (Полянка Дубровна)
  15:00 | Одуванчиковый Отряд (Полянка Дубровна) vs Хохотунчики (Бархатный Холм)  
  18:00 | Хохотунчики (Бархатный Холм)   vs Рыжие Погоны (Крапивное)      

--------------------------------------------------------------------------------
Суббота, 6 марта 2027
--------------------------------------------------------------------------------
  12:00 | Рыжие Погоны (Крапивное)       vs Хохотунчики (Бархатный Холм)  
  15:00 | Хохотунчики (Бархатный Холм)   vs Небесные Дудочки (Звёздный Ключ)
  18:00 | Небесные Дудочки (Звёздный Ключ) vs Хохотунчики (Бархатный Холм)  

--------------------------------------------------------------------------------
Воскресенье, 7 марта 2027
--------------------------------------------------------------------------------
  12:00 | Хохотунчики (Бархатный Холм)   vs Снежные Ласточки (Снежноград) 
  15:00 | Снежные Ласточки (Снежноград)  vs Хохотунчики (Бархатный Холм)  
  18:00 | Хохотунчики (Бархатный Холм)   vs Вишнёвые Краги (Вишнёвая Застава)

--------------------------------------------------------------------------------
Пятница, 12 марта 2027
--------------------------------------------------------------------------------
  12:00 | Вишнёвые Краги (Вишнёвая Застава) vs Хохотунчики (Бархатный Холм)  
  15:00 | Хохотунчики (Бархатный Холм)   vs Шелковые Крылья (Тихий Сад)   
  18:00 | Шелковые Крылья (Тихий Сад)    vs Хохотунчики (Бархатный Холм)  

--------------------------------------------------------------------------------
Суббота, 13 марта 2027
--------------------------------------------------------------------------------
  12:00 | Хохотунчики (Бархатный Холм)   vs Путешественники (Кометы — Дальний Бугор)
  15:00 | Путешественники (Кометы — Дальний Бугор) vs Хохотунчики (Бархатный Холм)  
  18:00 | Соломенные Валы (Липовый Бор)  vs Пурпурные Мячники (Гусиное Копытце)

--------------------------------------------------------------------------------
Воскресенье, 14 марта 2027
--------------------------------------------------------------------------------
  12:00 | Пурпурные Мячники (Гусиное Копытце) vs Соломенные Валы (Липовый Бор) 
  15:00 | Соломенные Валы (Липовый Бор)  vs Радужные Мосты (Светлый Порог)
  18:00 | Радужные Мосты (Светлый Порог) vs Соломенные Валы (Липовый Бор) 

--------------------------------------------------------------------------------
Пятница, 19 марта 2027
--------------------------------------------------------------------------------
  12:00 | Соломенные Валы (Липовый Бор)  vs Одуванчиковый Отряд (Полянка Дубровна)
  15:00 | Одуванчиковый Отряд (Полянка Дубровна) vs Соломенные Валы (Липовый Бор) 
  18:00 | Соломенные Валы (Липовый Бор)  vs Рыжие Погоны (Крапивное)      

--------------------------------------------------------------------------------
Суббота, 20 марта 2027
--------------------------------------------------------------------------------
  12:00 | Рыжие Погоны (Крапивное)       vs Соломенные Валы (Липовый Бор) 
  15:00 | Соломенные Валы (Липовый Бор)  vs Небесные Дудочки (Звёздный Ключ)
  18:00 | Небесные Дудочки (Звёздный Ключ) vs Соломенные Валы (Липовый Бор) 

--------------------------------------------------------------------------------
Воскресенье, 21 марта 2027
--------------------------------------------------------------------------------
  12:00 | Соломенные Валы (Липовый Бор)  vs Снежные Ласточки (Снежноград) 
  15:00 | Снежные Ласточки (Снежноград)  vs Соломенные Валы (Липовый Бор) 
  18:00 | Соломенные Валы (Липовый Бор)  vs Вишнёвые Краги (Вишнёвая Застава)

--------------------------------------------------------------------------------
Пятница, 26 марта 2027
--------------------------------------------------------------------------------
  12:00 | Вишнёвые Краги (Вишнёвая Застава) vs Соломенные Валы (Липовый Бор) 
  15:00 | Соломенные Валы (Липовый Бор)  vs Шелковые Крылья (Тихий Сад)   
  18:00 | Шелковые Крылья (Тихий Сад)    vs Соломенные Валы (Липовый Бор) 

--------------------------------------------------------------------------------
Суббота, 27 марта 2027
--------------------------------------------------------------------------------
  12:00 | Соломенные Валы (Липовый Бор)  vs Путешественники (Кометы — Дальний Бугор)
  15:00 | Путешественники (Кометы — Дальний Бугор) vs Соломенные Валы (Липовый Бор) 
  18:00 | Пурпурные Мячники (Гусиное Копытце) vs Радужные Мосты (Светлый Порог)

--------------------------------------------------------------------------------
Воскресенье, 28 марта 2027
--------------------------------------------------------------------------------
  12:00 | Радужные Мосты (Светлый Порог) vs Пурпурные Мячники (Гусиное Копытце)
  15:00 | Пурпурные Мячники (Гусиное Копытце) vs Одуванчиковый Отряд (Полянка Дубровна)
  18:00 | Одуванчиковый Отряд (Полянка Дубровна) vs Пурпурные Мячники (Гусиное Копытце)

--------------------------------------------------------------------------------
Пятница, 2 апреля 2027
--------------------------------------------------------------------------------
  12:00 | Пурпурные Мячники (Гусиное Копытце) vs Рыжие Погоны (Крапивное)      
  15:00 | Рыжие Погоны (Крапивное)       vs Пурпурные Мячники (Гусиное Копытце)
  18:00 | Пурпурные Мячники (Гусиное Копытце) vs Небесные Дудочки (Звёздный Ключ)

--------------------------------------------------------------------------------
Суббота, 3 апреля 2027
--------------------------------------------------------------------------------
  12:00 | Небесные Дудочки (Звёздный Ключ) vs Пурпурные Мячники (Гусиное Копытце)
  15:00 | Пурпурные Мячники (Гусиное Копытце) vs Снежные Ласточки (Снежноград) 
  18:00 | Снежные Ласточки (Снежноград)  vs Пурпурные Мячники (Гусиное Копытце)

--------------------------------------------------------------------------------
Воскресенье, 4 апреля 2027
--------------------------------------------------------------------------------
  12:00 | Пурпурные Мячники (Гусиное Копытце) vs Вишнёвые Краги (Вишнёвая Застава)
  15:00 | Вишнёвые Краги (Вишнёвая Застава) vs Пурпурные Мячники (Гусиное Копытце)
  18:00 | Пурпурные Мячники (Гусиное Копытце) vs Шелковые Крылья (Тихий Сад)   

--------------------------------------------------------------------------------
Пятница, 9 апреля 2027
--------------------------------------------------------------------------------
  12:00 | Шелковые Крылья (Тихий Сад)    vs Пурпурные Мячники (Гусиное Копытце)
  15:00 | Пурпурные Мячники (Гусиное Копытце) vs Путешественники (Кометы — Дальний Бугор)
  18:00 | Путешественники (Кометы — Дальний Бугор) vs Пурпурные Мячники (Гусиное Копытце)

--------------------------------------------------------------------------------
Суббота, 10 апреля 2027
--------------------------------------------------------------------------------
  12:00 | Радужные Мосты (Светлый Порог) vs Одуванчиковый Отряд (Полянка Дубровна)
  15:00 | Одуванчиковый Отряд (Полянка Дубровна) vs Радужные Мосты (Светлый Порог)
  18:00 | Радужные Мосты (Светлый Порог) vs Рыжие Погоны (Крапивное)      

--------------------------------------------------------------------------------
Воскресенье, 11 апреля 2027
--------------------------------------------------------------------------------
  12:00 | Рыжие Погоны (Крапивное)       vs Радужные Мосты (Светлый Порог)
  15:00 | Радужные Мосты (Светлый Порог) vs Небесные Дудочки (Звёздный Ключ)
  18:00 | Небесные Дудочки (Звёздный Ключ) vs Радужные Мосты (Светлый Порог)

--------------------------------------------------------------------------------
Пятница, 16 апреля 2027
--------------------------------------------------------------------------------
  12:00 | Радужные Мосты (Светлый Порог) vs Снежные Ласточки (Снежноград) 
  15:00 | Снежные Ласточки (Снежноград)  vs Радужные Мосты (Светлый Порог)
  18:00 | Радужные Мосты (Светлый Порог) vs Вишнёвые Краги (Вишнёвая Застава)

--------------------------------------------------------------------------------
Суббота, 17 апреля 2027
--------------------------------------------------------------------------------
  12:00 | Вишнёвые Краги (Вишнёвая Застава) vs Радужные Мосты (Светлый Порог)
  15:00 | Радужные Мосты (Светлый Порог) vs Шелковые Крылья (Тихий Сад)   
  18:00 | Шелковые Крылья (Тихий Сад)    vs Радужные Мосты (Светлый Порог)

--------------------------------------------------------------------------------
Воскресенье, 18 апреля 2027
--------------------------------------------------------------------------------
  12:00 | Радужные Мосты (Светлый Порог) vs Путешественники (Кометы — Дальний Бугор)
  15:00 | Путешественники (Кометы — Дальний Бугор) vs Радужные Мосты (Светлый Порог)
  18:00 | Одуванчиковый Отряд (Полянка Дубровна) vs Рыжие Погоны (Крапивное)      

--------------------------------------------------------------------------------
Пятница, 23 апреля 2027
--------------------------------------------------------------------------------
  12:00 | Рыжие Погоны (Крапивное)       vs Одуванчиковый Отряд (Полянка Дубровна)
  15:00 | Одуванчиковый Отряд (Полянка Дубровна) vs Небесные Дудочки (Звёздный Ключ)
  18:00 | Небесные Дудочки (Звёздный Ключ) vs Одуванчиковый Отряд (Полянка Дубровна)

--------------------------------------------------------------------------------
Суббота, 24 апреля 2027
--------------------------------------------------------------------------------
  12:00 | Одуванчиковый Отряд (Полянка Дубровна) vs Снежные Ласточки (Снежноград) 
  15:00 | Снежные Ласточки (Снежноград)  vs Одуванчиковый Отряд (Полянка Дубровна)
  18:00 | Одуванчиковый Отряд (Полянка Дубровна) vs Вишнёвые Краги (Вишнёвая Застава)

--------------------------------------------------------------------------------
Воскресенье, 25 апреля 2027
--------------------------------------------------------------------------------
  12:00 | Вишнёвые Краги (Вишнёвая Застава) vs Одуванчиковый Отряд (Полянка Дубровна)
  15:00 | Одуванчиковый Отряд (Полянка Дубровна) vs Шелковые Крылья (Тихий Сад)   
  18:00 | Шелковые Крылья (Тихий Сад)    vs Одуванчиковый Отряд (Полянка Дубровна)

--------------------------------------------------------------------------------
Пятница, 30 апреля 2027
--------------------------------------------------------------------------------
  12:00 | Одуванчиковый Отряд (Полянка Дубровна) vs Путешественники (Кометы — Дальний Бугор)
  15:00 | Путешественники (Кометы — Дальний Бугор) vs Одуванчиковый Отряд (Полянка Дубровна)
  18:00 | Рыжие Погоны (Крапивное)       vs Небесные Дудочки (Звёздный Ключ)

--------------------------------------------------------------------------------
Суббота, 1 мая 2027
--------------------------------------------------------------------------------
  12:00 | Небесные Дудочки (Звёздный Ключ) vs Рыжие Погоны (Крапивное)      
  15:00 | Рыжие Погоны (Крапивное)       vs Снежные Ласточки (Снежноград) 
  18:00 | Снежные Ласточки (Снежноград)  vs Рыжие Погоны (Крапивное)      

--------------------------------------------------------------------------------
Воскресенье, 2 мая 2027
--------------------------------------------------------------------------------
  12:00 | Рыжие Погоны (Крапивное)       vs Вишнёвые Краги (Вишнёвая Застава)
  15:00 | Вишнёвые Краги (Вишнёвая Застава) vs Рыжие Погоны (Крапивное)      
  18:00 | Рыжие Погоны (Крапивное)       vs Шелковые Крылья (Тихий Сад)   

--------------------------------------------------------------------------------
Пятница, 7 мая 2027
--------------------------------------------------------------------------------
  12:00 | Шелковые Крылья (Тихий Сад)    vs Рыжие Погоны (Крапивное)      
  15:00 | Рыжие Погоны (Крапивное)       vs Путешественники (Кометы — Дальний Бугор)
  18:00 | Путешественники (Кометы — Дальний Бугор) vs Рыжие Погоны (Крапивное)      

--------------------------------------------------------------------------------
Суббота, 8 мая 2027
--------------------------------------------------------------------------------
  12:00 | Небесные Дудочки (Звёздный Ключ) vs Снежные Ласточки (Снежноград) 
  15:00 | Снежные Ласточки (Снежноград)  vs Небесные Дудочки (Звёздный Ключ)
  18:00 | Небесные Дудочки (Звёздный Ключ) vs Вишнёвые Краги (Вишнёвая Застава)

--------------------------------------------------------------------------------
Воскресенье, 9 мая 2027
--------------------------------------------------------------------------------
  12:00 | Вишнёвые Краги (Вишнёвая Застава) vs Небесные Дудочки (Звёздный Ключ)
  15:00 | Небесные Дудочки (Звёздный Ключ) vs Шелковые Крылья (Тихий Сад)   
  18:00 | Шелковые Крылья (Тихий Сад)    vs Небесные Дудочки (Звёздный Ключ)

--------------------------------------------------------------------------------
Пятница, 14 мая 2027
--------------------------------------------------------------------------------
  12:00 | Небесные Дудочки (Звёздный Ключ) vs Путешественники (Кометы — Дальний Бугор)
  15:00 | Путешественники (Кометы — Дальний Бугор) vs Небесные Дудочки (Звёздный Ключ)
  18:00 | Снежные Ласточки (Снежноград)  vs Вишнёвые Краги (Вишнёвая Застава)

--------------------------------------------------------------------------------
Суббота, 15 мая 2027
--------------------------------------------------------------------------------
  12:00 | Вишнёвые Краги (Вишнёвая Застава) vs Снежные Ласточки (Снежноград) 
  15:00 | Снежные Ласточки (Снежноград)  vs Шелковые Крылья (Тихий Сад)   
  18:00 | Шелковые Крылья (Тихий Сад)    vs Снежные Ласточки (Снежноград) 

--------------------------------------------------------------------------------
Воскресенье, 16 мая 2027
--------------------------------------------------------------------------------
  12:00 | Снежные Ласточки (Снежноград)  vs Путешественники (Кометы — Дальний Бугор)
  15:00 | Путешественники (Кометы — Дальний Бугор) vs Снежные Ласточки (Снежноград) 
  18:00 | Вишнёвые Краги (Вишнёвая Застава) vs Шелковые Крылья (Тихий Сад)   

--------------------------------------------------------------------------------
Пятница, 21 мая 2027
--------------------------------------------------------------------------------
  12:00 | Шелковые Крылья (Тихий Сад)    vs Вишнёвые Краги (Вишнёвая Застава)
  15:00 | Вишнёвые Краги (Вишнёвая Застава) vs Путешественники (Кометы — Дальний Бугор)
  18:00 | Путешественники (Кометы — Дальний Бугор) vs Вишнёвые Краги (Вишнёвая Застава)

--------------------------------------------------------------------------------
Суббота, 22 мая 2027
--------------------------------------------------------------------------------
  12:00 | Шелковые Крылья (Тихий Сад)    vs Путешественники (Кометы — Дальний Бугор)
  15:00 | Путешественники (Кометы — Дальний Бугор) vs Шелковые Крылья (Тихий Сад)   

================================================================================
                                 Всего игр: 380                                 
================================================================================
